{
	"canvasSize" : 
	{
		"height" : 720,
		"width" : 1280
	},
	"frameHash" : 
	{
		"crop" : 
		{
			"h" : 1.0,
			"w" : 1.0,
			"x" : 0.0,
			"y" : 0.0
		},
		"fps" : 59.940059940059939,
		"hashes" : 
		{
			"DHash" : "3718259342381519965",
			"PHash" : "15878373792950310091"
		},
		"offset" : 1501416.5833333335,
		"scan_type_is_progressive" : 1
	},
	"placeholders" : 
	{
		"RocketMortgage_2024-08-04 19-00-23-024" : 
		{
			"corners" : 
			[
				{
					"x" : 506.143310546875,
					"y" : 639.579345703125
				},
				{
					"x" : 932.400634765625,
					"y" : 581.02142333984375
				},
				{
					"x" : 1042.0572509765625,
					"y" : 655.3509521484375
				},
				{
					"x" : 592.6636962890625,
					"y" : 727.1126708984375
				}
			],
			"height" : 139,
			"maskX" : 506.0,
			"maskY" : 581.0,
			"name" : "RocketMortgage",
			"tranform" : 
			[
				6.2609787459927384,
				-6.1885263301808964,
				789.10111136327259,
				2.8160841169470716,
				20.498959706847465,
				-14536.053374630288,
				-0.0002062815532058642,
				0.0026856887768580942,
				1.0
			],
			"width" : 537
		}
	},
	"processingHeight" : 720,
	"processingWidth" : 1280,
	"sourceFormat" : 
	{
		"FPS" : 59.940059940059939,
		"Height" : 1080,
		"Interlaced" : false,
		"Width" : 1920
	},
	"timecode" : "00:25:01:13.1"
}
